{
    "created_date": "2025-06-22T16:08:29.625281",
    "random_seed": 2025,
    "best_params": {
        "max_depth": 4,
        "learning_rate": 0.05,
        "n_estimators": 200,
        "subsample": 0.8,
        "colsample_bytree": 0.8,
        "min_child_weight": 3,
        "gamma": 0.1,
        "objective": "binary:logistic",
        "eval_metric": "logloss",
        "seed": 2025,
        "tree_method": "hist",
        "n_jobs": 16
    },
    "metrics": {
        "base_model": {
            "auc": 0.9367295681655959,
            "auprc": 0.5757414733489263,
            "ece": 0.0038877896116115158,
            "brier_score": 0.04008646646828767,
            "sensitivity": 0.2863636363636364,
            "specificity": 0.9928800856531049,
            "ppv": 0.7397260273972602
        },
        "calibrated_model": {
            "auc": 0.9367295681655959,
            "auprc": 0.5757414733489263,
            "ece": 0.010663688058341688,
            "brier_score": 0.042115865990566013,
            "sensitivity": 0.346969696969697,
            "specificity": 0.9896680942184154,
            "ppv": 0.7035330261136713
        },
        "improvement": {
            "ece": -174.28665446537667,
            "brier": -5.062555273819909
        }
    },
    "data_split": "60/20/20"
}